{
  "runTimestamp": "20250518_042919",
  "dataset": "bbcnews - train-00000-of-00001-7a59686b1f65c165",
  "numEpochs": 60,
  "epochLosses": [
    6266.142578125,
    6228.433898925781,
    6235.249694824219,
    6232.768493652344,
    6227.5811767578125,
    6237.1353759765625,
    6227.9781494140625,
    6231.8817138671875,
    6232.1317138671875,
    6229.6646728515625
  ],
  "epochReconLosses": [
    6265.86181640625,
    6228.147277832031,
    6234.964294433594,
    6232.5042724609375,
    6227.306579589844,
    6236.908264160156,
    6227.750427246094,
    6231.664306640625,
    6231.9072265625,
    6229.449401855469
  ],
  "epochKLLosses": [
    0.2807191535830498,
    0.28663279488682747,
    0.285403024405241,
    0.2641845531761646,
    0.27466655895113945,
    0.22715865075588226,
    0.22773755341768265,
    0.21741826832294464,
    0.2244178205728531,
    0.21527813747525215
  ],
  "finalCoherence": 0.34,
  "finalDiversity": 0.0,
  "hiddenDim1Size": 384,
  "hiddenDim2Size": 192,
  "latentDimSize": 75
}